TckrSymb,0FUT ,"CE,ATM ","CE,I 1-5 ","CE,I >5 ","CE,O 1-5 ","CE,O >5 ","PE,ATM ","PE,I 1-5 ","PE,I >5 ","PE,O 1-5 ","PE,O >5 ",UndrlygPric,TradDt
AARTIIND,139,41,23,3,297,816,48,257,18,121,255,390.75,2025-03-28
AARTIIND,-142,23,65,8,329,447,-8,16,-5,103,178,391.15,2025-04-01
AARTIIND,-553,117,64,17,601,-103,46,16,-3,438,706,400.8,2025-04-02
AARTIIND,274,13,1,5,-98,88,-105,20,6,-256,96,398.45,2025-04-03
ABB,-729,93,17,4,961,325,107,281,20,256,105,5546.1,2025-03-28
ABB,-108,32,4,0,213,278,76,-82,26,342,48,5398.9,2025-04-01
ABB,971,145,218,0,535,631,-21,-104,-2,857,392,5313.15,2025-04-02
ABB,378,124,35,0,437,209,11,3,3,108,15,5327.8,2025-04-03
ABCAPITAL,265,53,104,10,268,161,51,143,58,176,161,185.05,2025-03-28
ABCAPITAL,7,46,10,12,87,203,11,44,6,159,188,184.05,2025-04-01
ABCAPITAL,578,56,-51,-4,313,305,15,21,3,311,9,190.15,2025-04-02
ABCAPITAL,-126,77,-24,27,91,100,22,11,5,186,47,193.35,2025-04-03
ABFRL,236,26,44,23,256,110,110,120,20,235,65,256.25,2025-03-28
ABFRL,-238,4,15,0,286,113,-29,18,0,58,18,258.2,2025-04-01
ABFRL,-240,-126,-9,1,259,41,46,-3,1,-13,-3,261.25,2025-04-02
ABFRL,-10,-74,-8,0,116,-10,57,-30,9,42,-29,264,2025-04-03
ACC,-254,75,28,143,398,276,79,62,37,130,340,1942.75,2025-03-28
ACC,-337,6,-23,-1,54,38,12,-11,-12,140,52,1952.15,2025-04-01
ACC,-223,-43,-24,-1,32,131,7,5,2,100,164,1963.9,2025-04-02
ACC,-122,-41,-177,-61,-10,159,40,2,-3,136,38,1994.8,2025-04-03
ADANIENSOL,247,-276,286,-2,485,187,64,132,,292,5,871.95,2025-03-28
ADANIENSOL,-95,-12,-25,5,-30,-54,38,36,,340,397,866.35,2025-04-01
ADANIENSOL,-124,6,77,12,246,152,-27,2,,57,28,867.9,2025-04-02
ADANIENSOL,102,-50,-113,-12,1080,,55,14,,236,63,884.4,2025-04-03
ADANIENT,116,77,188,24,854,440,141,509,244,322,972,2315.9,2025-03-28
ADANIENT,-7229,-8,25,-3,-17,168,67,98,25,202,132,2335.3,2025-04-01
ADANIENT,-4304,65,17,-8,421,461,33,115,-2,397,82,2369.4,2025-04-02
ADANIENT,-216,-257,-87,-11,1784,730,175,340,1,351,167,2410.85,2025-04-03
ADANIGREEN,427,-144,50,10,383,170,81,117,55,-268,636,948.65,2025-03-28
ADANIGREEN,-828,-215,15,0,-1735,-109,394,-583,43,-192,70,919.25,2025-04-01
ADANIGREEN,-1500,143,-1000,-237,-59,47,-41,-239,1,406,-201,943,2025-04-02
ADANIGREEN,1447,460,335,-1,798,294,275,114,4,307,63,955.35,2025-04-03
ADANIPORTS,-118,119,253,0,777,559,231,447,22,703,330,1182.9,2025-03-28
ADANIPORTS,689,73,-27,0,1627,510,126,289,-6,1041,112,1174.7,2025-04-01
ADANIPORTS,-2072,-60,-19,0,853,-209,99,52,0,276,163,1195.5,2025-04-02
ADANIPORTS,601,592,-7,0,601,465,63,-53,6,239,24,1200,2025-04-03
ALKEM,127,0,36,2,161,107,121,39,6,236,57,4881.65,2025-03-28
ALKEM,-87,35,16,0,123,103,34,31,14,145,29,4835.55,2025-04-01
ALKEM,-26,6,1,0,19,-3,-30,8,0,9,-10,4887.7,2025-04-02
ALKEM,160,30,69,12,297,97,3,69,1,204,66,4971.25,2025-04-03
AMBUJACEM,195,18,-12,29,917,536,128,240,42,200,396,538.3,2025-03-28
AMBUJACEM,-369,6,-1,6,18,-162,41,40,38,89,207,529.9,2025-04-01
AMBUJACEM,186,63,33,9,-154,-70,17,39,-8,63,-35,534.05,2025-04-02
AMBUJACEM,165,39,-16,5,307,-47,62,25,-2,309,26,540.7,2025-04-03
ANGELONE,1124,16,177,50,150,268,27,226,5,456,453,2313.15,2025-03-28
ANGELONE,-257,56,-120,-1,1,-35,12,7,0,476,65,2318.05,2025-04-01
ANGELONE,-99,-7,-53,7,-10,-5,12,14,-1,157,40,2354.6,2025-04-02
ANGELONE,-503,268,-45,-18,164,162,2,15,10,471,210,2461.75,2025-04-03
APLAPOLLO,408,27,31,6,249,301,38,50,5,144,160,1525.25,2025-03-28
APLAPOLLO,-158,50,45,17,-18,-42,2,26,0,110,60,1529.2,2025-04-01
APLAPOLLO,-68,22,-29,222,27,134,18,57,0,52,77,1562.15,2025-04-02
APLAPOLLO,-49,26,143,-148,9,565,4,27,0,22,156,1565.85,2025-04-03
APOLLOHOSP,-219,110,155,0,575,946,22,54,26,564,494,6616.25,2025-03-28
APOLLOHOSP,-473,143,-21,2,90,458,68,55,13,100,94,6632.3,2025-04-01
APOLLOHOSP,-665,67,-240,4,359,425,270,52,0,255,220,6732.1,2025-04-02
APOLLOHOSP,-146,-13,-33,4,376,0,12,-45,-5,-104,-1,6671.35,2025-04-03
APOLLOTYRE,195,11,30,0,153,260,71,11,1,248,174,426,2025-03-28
APOLLOTYRE,-82,27,-5,0,83,95,7,65,12,90,160,422.55,2025-04-01
APOLLOTYRE,-111,17,6,0,-2,48,-13,1,1,43,36,428.25,2025-04-02
APOLLOTYRE,116,14,3,0,10,93,3,15,-1,7,36,423.25,2025-04-03
ASHOKLEY,71,53,267,51,799,616,74,52,173,402,278,204.2,2025-03-28
ASHOKLEY,-289,-31,245,-45,-71,347,117,102,18,260,107,209.05,2025-04-01
ASHOKLEY,-640,11,-47,0,-94,48,51,25,15,98,53,208.75,2025-04-02
ASHOKLEY,-484,33,-44,-2,98,164,177,19,25,176,-46,209.95,2025-04-03
ASIANPAINT,-597,30,-94,22,1863,849,160,-13,180,227,703,2340.45,2025-03-28
ASIANPAINT,-25,-344,83,6,1368,1038,114,119,70,296,648,2316,2025-04-01
ASIANPAINT,236,122,69,9,1181,337,52,-72,12,900,102,2306.65,2025-04-02
ASIANPAINT,-965,135,428,21,175,564,-2,1,2,-100,161,2349.4,2025-04-03
ASTRAL,-46,50,32,12,363,306,110,66,31,427,55,1294.1,2025-03-28
ASTRAL,-139,86,20,0,228,87,30,74,-3,3,-7,1309.45,2025-04-01
ASTRAL,-296,-58,-249,0,114,252,24,7,-1,10,225,1340.65,2025-04-02
ASTRAL,-80,488,-63,0,531,44,76,59,1,69,45,1358.35,2025-04-03
ATGL,-42,58,18,9,340,269,6,107,0,232,99,602.45,2025-03-28
ATGL,-215,18,44,3,59,18,-9,-53,10,137,160,592.15,2025-04-01
ATGL,-58,-3,23,3,46,49,0,1,1,30,67,598.75,2025-04-02
ATGL,71,21,13,2,113,44,8,1,0,67,86,605.05,2025-04-03
AUBANK,-765,79,66,53,188,561,28,69,-59,929,1890,534.6,2025-03-28
AUBANK,-652,-16,8,13,177,249,-72,-51,-27,-54,44,529.9,2025-04-01
AUBANK,-556,34,238,28,701,310,-13,-4,7,563,-150,539.5,2025-04-02
AUBANK,-666,-191,-230,-57,-89,143,120,67,56,657,-780,563.45,2025-04-03
AUROPHARMA,90,82,17,2,597,197,50,54,0,400,287,1160.5,2025-03-28
AUROPHARMA,518,19,37,,508,299,35,75,23,420,226,1134.15,2025-04-01
AUROPHARMA,328,23,28,6,308,139,86,-4,7,278,271,1157.85,2025-04-02
AUROPHARMA,357,-2,-58,0,3471,3887,298,1570,58,1091,-52,1176.35,2025-04-03
AXISBANK,-70,1162,239,21,887,5309,69,66,309,838,2705,1102,2025-03-28
AXISBANK,60,366,203,-12,1244,369,41,124,26,316,-263,1085.6,2025-04-01
AXISBANK,322,16,4,-3,503,-622,88,-57,143,111,656,1084.45,2025-04-02
AXISBANK,1173,10,150,2,714,-56,255,-54,-36,243,129,1089.85,2025-04-03
BAJAJ-AUTO,985,32,35,1,678,1304,-46,54,48,281,258,7878.75,2025-03-28
BAJAJ-AUTO,80,-5,130,0,689,763,422,200,-3,417,215,7993.05,2025-04-01
BAJAJ-AUTO,80,-308,35,-6,969,390,71,60,15,183,425,8072.9,2025-04-02
BAJAJ-AUTO,-282,385,226,6,1554,713,-368,-74,13,671,628,7912.25,2025-04-03
BAJAJFINSV,-372,-45,-114,-2,282,1214,225,108,12,273,830,2007.35,2025-03-28
BAJAJFINSV,-1179,-19,23,-7,720,4296,34,-714,14,-41,297,1937.1,2025-04-01
BAJAJFINSV,-392,24,-4,-4,768,754,64,52,5,18,209,1930.9,2025-04-02
BAJAJFINSV,-963,75,68,3,593,-1281,-70,-57,-2,141,326,1920.45,2025-04-03
BAJFINANCE,-124,98,129,-142,512,736,248,-51,7,562,140,8945.6,2025-03-28
BAJFINANCE,1456,88,78,24,1523,1058,216,-843,-47,759,437,8698.15,2025-04-01
BAJFINANCE,315,349,126,22,2162,891,431,264,-7,745,592,8669.25,2025-04-02
BAJFINANCE,1506,359,202,2,2783,1372,356,271,-3,607,1294,8594.7,2025-04-03
BALKRISIND,22,4,23,5,177,184,16,51,4,89,229,2554.7,2025-03-28
BALKRISIND,-74,-1,13,3,26,-11,19,18,-2,20,1,2523.55,2025-04-01
BALKRISIND,12,10,8,1,50,251,18,5,-1,34,49,2567.05,2025-04-02
BALKRISIND,-132,4,26,8,112,220,-1,4,7,59,156,2481.85,2025-04-03
BANDHANBNK,813,68,75,63,890,314,116,441,111,489,203,146.3,2025-03-28
BANDHANBNK,-656,-21,43,2,105,12,2,-18,15,38,107,149.5,2025-04-01
BANDHANBNK,120,116,-41,8,338,90,34,-12,13,41,-23,151.55,2025-04-02
BANDHANBNK,581,-83,-689,0,552,222,32,106,26,243,-67,156.6,2025-04-03
BANKBARODA,-91,19,-67,15,658,452,-15,154,61,-157,275,228.55,2025-03-28
BANKBARODA,-3717,13,-34,-9,298,44,116,126,7,269,49,228.6,2025-04-01
BANKBARODA,-1316,116,127,-17,1020,-115,53,122,2,314,-34,231.5,2025-04-02
BANKBARODA,1704,21,49,-73,492,325,85,210,55,451,237,236.8,2025-04-03
BANKINDIA,283,17,17,-7,-1,122,30,83,6,226,17,107.12,2025-03-28
BANKINDIA,-33,-24,-29,-18,98,370,48,8,3,282,-49,110.3,2025-04-01
BANKINDIA,-314,3,-84,67,13,61,5,6,0,161,-133,111.55,2025-04-02
BANKINDIA,566,25,-168,-38,148,579,243,345,1,52,-57,114.9,2025-04-03
BEL,470,151,86,5,993,721,157,159,153,797,311,301.3,2025-03-28
BEL,1611,209,-92,4,1656,1061,240,777,27,1382,220,292,2025-04-01
BEL,2621,1197,466,-3,3930,2276,-112,-1044,9,1749,1091,282.4,2025-04-02
BEL,-1302,-3,-250,10,-305,348,-14,-61,-1,105,-143,287.5,2025-04-03
BERGEPAINT,-69,33,2,0,132,336,23,66,2,183,144,500.15,2025-03-28
BERGEPAINT,-137,4,15,1,47,28,10,-19,0,59,19,493.5,2025-04-01
BERGEPAINT,-83,-3,-30,0,-53,53,11,0,0,-24,48,505.1,2025-04-02
BERGEPAINT,14,-8,-32,0,127,70,-1,0,0,53,30,511.3,2025-04-03
BHARATFORG,639,119,12,1,520,406,-1,49,2,174,326,1169.1,2025-03-28
BHARATFORG,-153,35,12,0,51,-6,45,5,4,207,101,1148.65,2025-04-01
BHARATFORG,-304,15,20,0,132,193,143,16,2,61,70,1152.95,2025-04-02
BHARATFORG,1554,76,16,,799,114,83,-136,-4,688,164,1117.15,2025-04-03
BHARTIARTL,2194,101,213,37,753,846,19,-22,0,737,836,1733.35,2025-03-28
BHARTIARTL,1420,109,56,-1,5286,1137,243,323,1,322,460,1724.15,2025-04-01
BHARTIARTL,-1097,243,56,-9,1952,383,383,182,2,1359,217,1754.6,2025-04-02
BHARTIARTL,-1104,107,3,-6,2563,173,-58,76,2,-17,-161,1746,2025-04-03
BHEL,-1240,42,94,20,1296,452,219,211,5,399,262,216.4,2025-03-28
BHEL,-1134,69,-12,0,520,132,138,45,-9,69,56,211.7,2025-04-01
BHEL,138,198,41,0,393,85,78,-95,0,396,71,212.55,2025-04-02
BHEL,659,-27,-38,-2,292,86,-3,-45,0,1035,35,218.7,2025-04-03
BIOCON,-114,232,74,2,240,288,18,71,7,526,298,341.7,2025-03-28
BIOCON,-10,-2,15,0,47,51,-152,47,3,106,183,339.1,2025-04-01
BIOCON,-136,23,16,2,36,-103,5,9,-1,138,101,342.05,2025-04-02
BIOCON,56,-2,-4,0,433,342,224,32,7,-37,-22,345.75,2025-04-03
BOSCHLTD,-242,3,1,0,88,69,26,0,2,81,7,28358.35,2025-03-28
BOSCHLTD,60,0,0,1,32,68,20,1,6,-5,12,27883.95,2025-04-01
BOSCHLTD,-108,-18,1,0,135,43,0,-2,0,55,9,28026.35,2025-04-02
BOSCHLTD,107,41,9,-1,40,137,1,-2,0,0,13,28013.35,2025-04-03
BPCL,-616,37,61,25,786,337,119,123,84,189,163,278.45,2025-03-28
BPCL,-2337,-8,-137,-137,358,348,190,90,0,462,186,284.6,2025-04-01
BPCL,-1232,95,39,0,522,299,80,14,0,449,158,286.8,2025-04-02
BPCL,-315,34,-35,0,581,202,93,5,0,351,112,286.8,2025-04-03
BRITANNIA,-268,-334,-44,9,1333,1601,160,414,22,849,1149,4936.9,2025-03-28
BRITANNIA,-219,73,-42,60,489,37,85,-81,-2,-21,91,4900.8,2025-04-01
BRITANNIA,361,-842,-274,14,-16,52,72,105,7,405,337,5037.4,2025-04-02
BRITANNIA,594,58,-86,4,141,92,90,68,-3,388,290,5073.7,2025-04-03
BSE,1430,1209,446,-1650,3412,7191,499,438,28,11146,6610,5479.8,2025-03-28
BSE,-59,142,-454,-234,766,518,479,388,0,204,-442,5466,2025-04-01
BSE,-356,309,-908,-105,1485,355,219,144,,481,657,5654.85,2025-04-02
BSE,-1066,-67,-747,-151,1760,1076,183,183,,502,-410,5620.85,2025-04-03
BSOFT,313,16,61,2,696,969,-1,173,76,252,280,387.7,2025-03-28
BSOFT,-230,13,53,2,529,503,28,46,4,166,273,388.3,2025-04-01
BSOFT,272,-2,27,9,517,463,10,23,-4,2,331,391.95,2025-04-02
BSOFT,-5,14,69,6,507,570,-20,31,7,333,149,387.85,2025-04-03
CAMS,202,-102,9,38,449,459,10,127,15,148,123,3722.95,2025-03-28
CAMS,-50,9,72,5,125,-66,48,5,27,40,-44,3671.2,2025-04-01
CAMS,-350,63,-123,0,-186,15,-20,-19,0,84,-225,3756.8,2025-04-02
CAMS,532,96,48,-6,156,86,14,27,0,50,29,3823.15,2025-04-03
CANBK,637,50,283,-10,297,844,39,333,167,271,150,89,2025-03-28
CANBK,-707,54,-53,-1,213,50,-25,-37,86,306,163,90,2025-04-01
CANBK,-631,58,-200,111,143,152,-7,54,74,-263,159,91.1,2025-04-02
CANBK,-403,59,-1075,-247,341,1057,506,286,58,586,-333,94.38,2025-04-03
CDSL,1074,155,114,35,3341,3934,258,177,87,962,522,1220.05,2025-03-28
CDSL,-82,67,29,1,787,479,41,44,12,121,127,1197.8,2025-04-01
CDSL,-1084,-53,140,47,-59,389,186,7,-33,375,-322,1221.45,2025-04-02
CDSL,-193,40,-341,-7,873,385,140,97,0,366,149,1238.3,2025-04-03
CESC,194,0,25,0,451,436,44,252,9,179,97,153.85,2025-03-28
CESC,54,7,46,0,-4,30,17,-50,-1,-23,-4,153,2025-04-01
CESC,85,2,-12,0,-45,-3,1,-7,-2,-25,1,153.9,2025-04-02
CESC,296,29,1,0,119,83,0,17,0,52,10,157.45,2025-04-03
CGPOWER,-217,12,22,0,211,175,25,293,14,230,132,638.5,2025-03-28
CGPOWER,-236,13,28,2,423,130,103,-26,7,275,181,615,2025-04-01
CGPOWER,-99,57,45,0,-63,-1,18,-2,4,74,46,623.6,2025-04-02
CGPOWER,270,31,18,0,138,-18,28,-15,4,63,62,615.95,2025-04-03
CHAMBLFERT,163,77,22,18,195,400,45,11,11,190,282,625.5,2025-03-28
CHAMBLFERT,19,11,6,-1,115,-41,1,10,0,62,10,621.4,2025-04-01
CHAMBLFERT,235,-49,-21,0,123,79,35,12,5,230,145,634.2,2025-04-02
CHAMBLFERT,-84,-8,22,0,92,279,29,18,8,-23,21,629.3,2025-04-03
CHOLAFIN,117,43,9,1,158,182,54,120,4,216,128,1519.95,2025-03-28
CHOLAFIN,-497,24,18,0,166,466,9,0,2,128,160,1468.25,2025-04-01
CHOLAFIN,-202,24,17,3,101,-28,1,-31,0,142,292,1460.25,2025-04-02
CHOLAFIN,-81,35,20,0,274,120,18,-16,0,35,57,1445.4,2025-04-03
CIPLA,1296,246,110,3,1800,1047,167,134,59,814,1134,1442.2,2025-03-28
CIPLA,56,102,28,0,1051,1018,326,-108,-8,1045,1024,1444.25,2025-04-01
CIPLA,-267,133,120,0,461,679,51,67,2,436,690,1452.35,2025-04-02
CIPLA,-1334,-163,-237,0,3134,1412,540,80,0,-667,400,1495.7,2025-04-03
COALINDIA,141,35,77,17,967,555,180,274,187,375,924,398.2,2025-03-28
COALINDIA,345,-10,76,7,3563,491,-9,-41,57,120,127,397.7,2025-04-01
COALINDIA,-458,83,123,9,2505,306,-27,-123,0,188,371,397.5,2025-04-02
COALINDIA,20,-67,57,13,1702,357,-105,104,24,388,108,397.05,2025-04-03
COFORGE,-1556,236,-56,43,529,385,488,78,34,618,176,8109,2025-03-28
COFORGE,-75,28,43,2,538,566,73,-329,-41,203,262,7780.8,2025-04-01
COFORGE,674,128,49,42,657,450,-36,-106,4,275,19,7761.5,2025-04-02
COFORGE,2541,220,229,8,4662,7128,590,325,-143,2034,1902,7157.4,2025-04-03
COLPAL,905,46,82,0,260,683,265,180,109,231,370,2389.8,2025-03-28
COLPAL,76,7,42,0,252,901,41,64,53,112,246,2350.5,2025-04-01
COLPAL,97,12,98,2,134,178,28,-6,3,215,22,2364.6,2025-04-02
COLPAL,-245,-93,-114,-2,794,151,15,5,2,-191,-44,2410,2025-04-03
CONCOR,339,27,53,5,322,623,73,89,32,85,204,691.6,2025-03-28
CONCOR,-284,6,24,0,115,293,11,37,1,24,-45,699.7,2025-04-01
CONCOR,-510,130,2,4,453,178,85,39,16,51,-6,709.45,2025-04-02
CONCOR,-181,-63,-102,0,-19,86,95,-3,-1,68,-1,714.5,2025-04-03
CROMPTON,138,-3,47,1,278,212,20,49,40,156,207,353.95,2025-03-28
CROMPTON,-21,6,15,0,231,13,-21,31,6,58,27,345.6,2025-04-01
CROMPTON,674,6,13,0,307,-201,91,55,3,42,79,339.3,2025-04-02
CROMPTON,326,31,21,11,116,41,18,5,6,198,12,335.55,2025-04-03
CUMMINSIND,-98,329,144,4,633,275,114,126,18,815,311,3051.8,2025-03-28
CUMMINSIND,293,34,29,0,288,233,-7,154,3,196,445,3010.1,2025-04-01
CUMMINSIND,-86,47,-28,0,36,137,-20,-2,0,-58,-17,3051.5,2025-04-02
CUMMINSIND,-165,1,36,0,122,199,11,20,3,62,19,3032.75,2025-04-03
CYIENT,204,12,48,3,191,107,16,83,40,96,110,1264.85,2025-03-28
CYIENT,243,12,29,0,114,84,17,47,6,218,20,1235.15,2025-04-01
CYIENT,348,36,12,0,139,28,7,1,1,-13,47,1250.35,2025-04-02
CYIENT,-381,45,19,0,266,147,-22,36,-2,271,141,1216.25,2025-04-03
DABUR,867,1,92,0,568,441,114,247,32,416,482,506.5,2025-03-28
DABUR,762,31,38,0,379,398,79,8,6,238,378,497.5,2025-04-01
DABUR,899,84,177,0,132,363,-118,-16,1,356,471,495.75,2025-04-02
DABUR,1336,360,528,35,2831,3597,141,-100,-79,1210,2889,465.4,2025-04-03
DALBHARAT,285,26,195,13,386,559,34,85,10,258,108,1821.55,2025-03-28
DALBHARAT,555,-16,34,0,-33,-79,423,15,2,67,151,1786.5,2025-04-01
DALBHARAT,436,-22,-12,0,-31,-91,-4,1,-2,112,63,1817.15,2025-04-02
DALBHARAT,-219,-9,-36,-2,129,34,21,94,7,24,-10,1857.15,2025-04-03
DEEPAKNTR,-113,0,27,0,220,191,163,29,12,52,448,1983.6,2025-03-28
DEEPAKNTR,33,16,29,0,55,171,-119,15,9,48,-6,1982.35,2025-04-01
DEEPAKNTR,-29,8,3,1,46,154,11,-1,-13,44,-33,2032.95,2025-04-02
DEEPAKNTR,-102,1,-6,0,4,39,6,5,-1,-81,34,2004.55,2025-04-03
DELHIVERY,385,17,92,19,517,128,125,82,16,197,265,255.1,2025-03-28
DELHIVERY,574,177,59,19,628,583,22,140,4,323,77,260.75,2025-04-01
DELHIVERY,-42,31,6,0,620,47,12,7,-1,38,23,259,2025-04-02
DELHIVERY,75,-156,-16,-8,93,791,58,47,7,196,39,263.55,2025-04-03
DIVISLAB,-73,32,33,1,323,382,52,120,21,142,354,5775.45,2025-03-28
DIVISLAB,603,77,65,0,652,1181,91,223,-38,374,806,5549.65,2025-04-01
DIVISLAB,326,134,152,3,-56,6,61,8,-8,194,398,5665.95,2025-04-02
DIVISLAB,-248,47,-51,5,1467,1254,405,459,12,188,40,5762.95,2025-04-03
DIXON,660,527,248,17,3333,3885,86,285,80,1358,749,13179.5,2025-03-28
DIXON,851,35,-21,0,1666,2001,286,99,62,1192,587,12924.05,2025-04-01
DIXON,-701,-164,-163,4,-1432,-575,56,20,-10,757,-413,13450.65,2025-04-02
DIXON,58,86,-39,0,1060,940,357,-40,3,1103,-10,13488.15,2025-04-03
DLF,-4,159,136,46,1030,643,198,363,62,357,396,680.5,2025-03-28
DLF,-2013,163,294,42,1626,1371,61,-106,-8,659,492,663.1,2025-04-01
DLF,-1347,-255,-152,11,-113,166,32,45,5,276,77,683.15,2025-04-02
DLF,342,110,-134,-22,413,130,75,77,-5,417,89,680.05,2025-04-03
DMART,1238,80,74,21,1179,868,532,386,48,694,143,4083.1,2025-03-28
DMART,947,56,60,1,124,360,21,-18,10,261,207,4003.6,2025-04-01
DMART,717,5,17,8,108,300,-14,32,1,398,611,4121.25,2025-04-02
DMART,157,66,-143,11,541,243,174,0,2,433,214,4157.8,2025-04-03
DRREDDY,1178,164,96,41,903,1078,36,129,0,555,1585,1144.2,2025-03-28
DRREDDY,832,101,70,48,713,441,104,-23,21,323,1239,1152.2,2025-04-01
DRREDDY,259,130,87,18,833,979,-13,-38,61,379,888,1150,2025-04-02
DRREDDY,997,-481,157,10,3398,5875,77,1013,286,775,-293,1151.45,2025-04-03
EICHERMOT,-94,25,31,22,333,440,106,73,3,146,339,5347.7,2025-03-28
EICHERMOT,-292,151,-7,-19,1835,998,-1,-30,18,277,315,5307.15,2025-04-01
EICHERMOT,-688,60,23,5,843,84,-9,29,3,154,156,5355.5,2025-04-02
EICHERMOT,-147,-11,13,2,-37,72,141,10,8,240,269,5379.1,2025-04-03
ESCORTS,387,24,12,0,385,379,21,191,5,181,76,3249.65,2025-03-28
ESCORTS,256,54,78,0,-42,173,5,33,0,429,86,3218.8,2025-04-01
ESCORTS,-626,10,49,0,248,368,46,-5,0,1808,700,3228.4,2025-04-02
ESCORTS,-69,-57,-33,0,53,-3,19,-7,0,-99,-1181,3276,2025-04-03
EXIDEIND,-249,139,91,0,366,251,38,138,50,243,316,360.45,2025-03-28
EXIDEIND,-390,-62,3,5,-3,210,42,83,-1,130,144,364.8,2025-04-01
EXIDEIND,-171,-242,-157,1,296,210,26,33,1,97,-63,371.6,2025-04-02
EXIDEIND,42,-54,-35,-1,-26,4,30,20,9,44,-12,372.2,2025-04-03
FEDERALBNK,526,10,47,12,474,263,34,171,85,630,159,192.75,2025-03-28
FEDERALBNK,-132,25,48,3,249,362,31,98,33,318,83,192.45,2025-04-01
FEDERALBNK,46,18,11,3,135,27,7,-27,2,111,16,192.1,2025-04-02
FEDERALBNK,432,46,123,5,352,-27,38,11,-42,43,69,194.15,2025-04-03
GAIL,-1433,-33,-49,12,315,467,13,125,20,240,320,183.05,2025-03-28
GAIL,-614,295,-210,-5,460,-10,16,-80,46,200,452,186.3,2025-04-01
GAIL,-1153,-22,-12,-8,483,199,8,31,-8,155,-35,184.05,2025-04-02
GAIL,-809,12,49,-12,75,293,-19,-13,6,83,26,183.65,2025-04-03
GLENMARK,-238,144,27,41,650,386,5,31,33,461,411,1541.05,2025-03-28
GLENMARK,-224,-49,27,1,175,49,16,76,22,-19,209,1509.2,2025-04-01
GLENMARK,-288,6,36,0,43,-10,90,-7,6,147,241,1515.5,2025-04-02
GLENMARK,-924,81,31,24,257,339,93,35,3,17,-77,1545.2,2025-04-03
GMRAIRPORT,639,156,155,37,621,292,19,98,68,184,104,75.73,2025-03-28
GMRAIRPORT,-453,-88,-61,36,529,140,-19,90,8,36,216,77.36,2025-04-01
GMRAIRPORT,-50,8,80,18,-117,246,41,40,0,192,103,78.84,2025-04-02
GMRAIRPORT,382,60,-221,-179,1190,522,207,117,38,678,392,82.7,2025-04-03
GODREJCP,-664,19,-2,82,267,343,76,47,19,257,681,1159.25,2025-03-28
GODREJCP,-72,-38,41,1,57,26,-8,-17,11,-138,40,1143.6,2025-04-01
GODREJCP,135,39,53,-9,29,88,7,10,12,144,443,1162.65,2025-04-02
GODREJCP,-164,53,30,4,82,21,31,57,14,54,-53,1162.05,2025-04-03
GODREJPROP,132,52,41,3,653,424,109,77,2,466,67,2129.5,2025-03-28
GODREJPROP,577,69,22,,726,403,153,-6,-4,638,46,2041.45,2025-04-01
GODREJPROP,446,-79,31,0,-304,414,58,2,0,240,-131,2146.8,2025-04-02
GODREJPROP,-204,-6,-47,0,887,23,12,-16,1,203,2,2151.45,2025-04-03
GRANULES,-311,11,63,0,330,182,45,88,33,80,73,486.45,2025-03-28
GRANULES,185,35,8,0,495,-44,25,20,14,-149,68,482.75,2025-04-01
GRANULES,325,85,16,0,150,32,-35,-48,12,37,54,483.15,2025-04-02
GRANULES,-282,48,15,3,100,101,57,7,-2,-58,-44,491.2,2025-04-03
GRASIM,-509,-118,-68,31,386,685,76,79,15,559,678,2611.15,2025-03-28
GRASIM,219,-29,-70,-1,232,234,-9,33,7,-22,103,2619,2025-04-01
GRASIM,-490,-8,-17,-2,153,357,15,-9,10,226,294,2616.5,2025-04-02
GRASIM,227,-156,30,10,310,90,120,37,5,384,-5,2651.95,2025-04-03
HAL,801,-22,-419,-80,1354,2205,120,650,314,285,1153,4177.35,2025-03-28
HAL,-312,-101,-138,1,4211,6976,137,1447,386,491,815,4223.6,2025-04-01
HAL,-798,104,53,-59,646,593,68,-33,59,1145,753,4234.4,2025-04-02
HAL,758,75,-497,-68,-7,313,240,257,1,1686,-91,4319.2,2025-04-03
HAVELLS,-56,-36,-60,4,337,319,23,80,8,225,78,1528.85,2025-03-28
HAVELLS,-339,77,-4,17,267,7,-1,9,11,150,188,1501.3,2025-04-01
HAVELLS,-111,10,27,2,41,29,44,26,4,121,91,1510.45,2025-04-02
HAVELLS,111,-34,1,0,59,80,140,32,-1,11,-3,1518.7,2025-04-03
HCLTECH,-84,27,59,6,616,1142,-14,41,84,557,903,1592.5,2025-03-28
HCLTECH,1700,140,122,0,1162,800,123,134,74,393,796,1530.35,2025-04-01
HCLTECH,726,200,127,22,409,916,-8,-178,-8,182,330,1527.55,2025-04-02
HCLTECH,1636,267,181,0,2068,1441,389,50,-47,574,981,1470.1,2025-04-03
HDFCAMC,-287,3,26,0,304,323,21,25,21,194,98,4013.9,2025-03-28
HDFCAMC,-68,10,41,0,179,189,8,36,19,125,71,3976.55,2025-04-01
HDFCAMC,16,71,79,0,-50,149,-31,6,2,96,77,4075.35,2025-04-02
HDFCAMC,-411,3,1,0,209,82,24,59,6,44,27,4043.7,2025-04-03
HDFCBANK,-1220,356,238,-2,1434,1603,19,17,9,1326,1225,1828.2,2025-03-28
HDFCBANK,2214,126,128,0,7491,2072,290,-1727,66,374,1122,1767.8,2025-04-01
HDFCBANK,-2071,316,-226,7,-1734,290,599,44,5,1616,1005,1796.9,2025-04-02
HDFCBANK,-161,-644,39,0,1693,828,365,9,0,807,156,1794.8,2025-04-03
HDFCLIFE,939,71,137,20,862,738,76,50,15,254,402,685.7,2025-03-28
HDFCLIFE,231,-9,-351,17,2416,1247,62,243,10,275,402,692.9,2025-04-01
HDFCLIFE,443,-1,-8,5,286,808,207,86,9,136,419,696.15,2025-04-02
HDFCLIFE,69,38,32,-1,919,724,42,50,7,115,301,692.9,2025-04-03
HEROMOTOCO,5,-111,38,-1,2008,1721,183,531,145,308,624,3722.95,2025-03-28
HEROMOTOCO,253,69,-70,0,192,808,123,181,-4,373,317,3762.05,2025-04-01
HEROMOTOCO,-879,55,-4,-1,672,103,6,89,1,59,216,3783.9,2025-04-02
HEROMOTOCO,-196,184,141,-2,920,240,384,84,0,356,-59,3753.25,2025-04-03
HFCL,157,18,48,0,56,314,51,84,42,97,169,79.1,2025-03-28
HFCL,-96,93,1,2,156,222,0,77,13,49,38,80.77,2025-04-01
HFCL,13,38,159,2,53,83,9,-36,9,149,80,81.75,2025-04-02
HFCL,280,14,-83,5,43,101,3,-19,2,11,73,83.22,2025-04-03
HINDALCO,199,59,180,40,1103,418,107,62,25,894,640,682.45,2025-03-28
HINDALCO,1325,90,200,8,2583,282,24,-25,14,85,452,663.75,2025-04-01
HINDALCO,755,169,120,12,375,101,-13,-205,-2,314,254,661.2,2025-04-02
HINDALCO,625,123,101,0,618,248,9,-170,-5,77,401,652.65,2025-04-03
HINDCOPPER,978,55,45,0,511,174,47,140,223,230,78,220.8,2025-03-28
HINDCOPPER,234,33,19,,142,48,21,20,0,18,27,222,2025-04-01
HINDCOPPER,80,183,44,0,539,65,58,57,3,201,23,226.55,2025-04-02
HINDCOPPER,544,10,3,,173,-60,29,55,4,76,8,224.75,2025-04-03
HINDPETRO,-463,53,38,17,1257,315,84,300,80,191,129,360.35,2025-03-28
HINDPETRO,-308,0,-2,8,-26,93,-11,-40,22,47,185,361.7,2025-04-01
HINDPETRO,-60,34,20,3,-140,118,-11,-2,8,115,122,362.15,2025-04-02
HINDPETRO,122,34,-30,-5,344,181,91,103,3,108,133,362.45,2025-04-03
HINDUNILVR,497,41,34,8,1142,1216,129,324,116,349,961,2258.85,2025-03-28
HINDUNILVR,496,51,59,60,627,544,-5,-256,20,118,466,2233.85,2025-04-01
HINDUNILVR,-962,171,177,44,924,556,66,-187,26,713,846,2237.9,2025-04-02
HINDUNILVR,50,86,2,5,189,85,29,-90,-13,14,-55,2244.55,2025-04-03
HINDZINC,992,108,27,0,571,44,2,4,0,177,31,461.9,2025-03-28
HINDZINC,358,19,0,,69,69,66,14,0,113,8,453.75,2025-04-01
HINDZINC,189,4,57,0,47,-8,1,1,,100,27,460.65,2025-04-02
HINDZINC,490,12,3,,147,68,5,46,0,111,-1,459.2,2025-04-03
HUDCO,903,13,39,1,317,149,91,45,18,62,-31,199.45,2025-03-28
HUDCO,-379,43,32,6,233,198,3,30,6,277,-6,206.4,2025-04-01
HUDCO,27,22,58,0,-100,-7,-2,9,0,-31,23,205.85,2025-04-02
HUDCO,-147,-1,7,3,592,-19,81,47,2,57,9,209.95,2025-04-03
ICICIBANK,1459,161,203,305,797,2392,215,242,70,1321,2394,1348.35,2025-03-28
ICICIBANK,3045,35,118,5,1442,1624,1,96,120,-87,911,1318.45,2025-04-01
ICICIBANK,602,-114,42,67,15,399,101,81,68,583,1298,1331.25,2025-04-02
ICICIBANK,-475,137,166,76,1533,704,315,353,-3,273,403,1329.55,2025-04-03
ICICIGI,-548,74,135,0,260,257,234,66,19,322,74,1792.85,2025-03-28
ICICIGI,-411,35,75,8,130,112,30,43,1,91,39,1791.9,2025-04-01
ICICIGI,-373,56,-25,-4,55,76,33,5,8,178,30,1829.95,2025-04-02
ICICIGI,-55,18,-23,0,90,130,57,-1,2,122,84,1831.05,2025-04-03
ICICIPRULI,2158,20,58,14,353,656,42,160,83,278,372,564.35,2025-03-28
ICICIPRULI,672,-5,57,6,165,133,30,88,-13,57,112,569.05,2025-04-01
ICICIPRULI,712,62,21,0,-15,146,-2,27,12,220,164,563.35,2025-04-02
ICICIPRULI,1330,51,29,42,133,105,15,23,-8,90,102,562.85,2025-04-03
IDEA,3013,231,,9,,2951,678,,228,,492,6.8,2025-03-28
IDEA,-3500,831,,-717,,9010,98,,223,,2243,8.1,2025-04-01
IDEA,-918,-144,,-25,,410,126,,43,,410,8.22,2025-04-02
IDEA,-108,-86,,80,,259,91,,-36,,225,8.19,2025-04-03
IDFCFIRSTB,2087,68,135,5,1910,1299,215,536,124,915,398,54.96,2025-03-28
IDFCFIRSTB,3455,-196,-177,25,1561,106,27,167,20,849,5,57.17,2025-04-01
IDFCFIRSTB,2864,139,23,4,444,81,126,-56,22,535,338,57.19,2025-04-02
IDFCFIRSTB,6873,-389,-493,-95,1746,1175,176,480,16,1193,-445,60.35,2025-04-03
IEX,-42,59,100,40,226,200,44,127,27,301,441,175.75,2025-03-28
IEX,235,8,13,-2,99,104,32,67,5,60,212,176.75,2025-04-01
IEX,69,22,23,-11,18,129,7,13,3,88,47,178,2025-04-02
IEX,105,30,-32,-18,298,214,64,67,2,167,-58,182.05,2025-04-03
IGL,-323,132,116,84,692,232,44,118,38,240,439,203.1,2025-03-28
IGL,326,81,8,12,212,94,-4,58,-9,87,25,201.4,2025-04-01
IGL,-135,-8,48,-12,-177,146,0,19,4,112,-7,202.95,2025-04-02
IGL,155,21,-167,20,480,226,35,33,20,26,-30,207.85,2025-04-03
IIFL,71,3,19,32,263,47,199,7,1,36,64,327.65,2025-03-28
IIFL,290,-2,5,-1,-12,89,4,18,14,8,1,324.9,2025-04-01
IIFL,167,18,62,1,136,20,14,0,0,1,2,335.75,2025-04-02
IIFL,410,122,-41,-7,341,11,0,-3,,211,63,350.55,2025-04-03
INDHOTEL,-373,33,112,1,270,469,58,64,23,144,392,787.55,2025-03-28
INDHOTEL,82,47,-36,22,369,470,-3,27,-1,-41,232,805.75,2025-04-01
INDHOTEL,372,206,-496,-2,135,388,47,22,9,545,171,830.15,2025-04-02
INDHOTEL,-254,64,-68,-1,227,271,16,8,1,31,88,831,2025-04-03
INDIANB,-13,13,32,0,521,140,46,48,1,102,82,541.3,2025-03-28
INDIANB,85,-6,1,0,70,4,14,-19,0,126,9,530.95,2025-04-01
INDIANB,-54,10,0,,-32,-5,23,-7,0,134,0,529.7,2025-04-02
INDIANB,41,-23,-4,0,-37,6,33,51,2,109,-98,549.2,2025-04-03
INDIGO,-765,-20,-132,-248,218,424,31,-117,31,-43,535,5115.35,2025-03-28
INDIGO,652,91,-24,-4,622,797,15,-16,-8,95,4,5028,2025-04-01
INDIGO,154,-31,-57,-27,-42,213,61,2,11,69,115,5068.25,2025-04-02
INDIGO,1157,204,53,-22,540,-145,41,-51,-4,221,238,5003.6,2025-04-03
INDUSINDBK,4829,734,616,61,2395,8713,482,1004,765,4013,7134,649.85,2025-03-28
INDUSINDBK,-1199,310,-2278,-37,718,1100,503,542,642,1251,174,682.7,2025-04-01
INDUSINDBK,3765,592,-1400,-1003,1024,323,248,319,130,780,-1393,702.45,2025-04-02
INDUSINDBK,-318,-1168,-168,-16,1608,-379,847,419,44,377,-1652,709.4,2025-04-03
INDUSTOWER,1343,23,65,128,759,190,98,369,44,49,333,334.3,2025-03-28
INDUSTOWER,-260,347,-624,2,1144,1592,339,445,41,614,678,352.45,2025-04-01
INDUSTOWER,-705,-113,-785,-14,282,32,35,94,29,79,-148,361.3,2025-04-02
INDUSTOWER,-102,18,-214,-10,159,-62,-41,21,3,23,-21,358,2025-04-03
INFY,686,175,502,50,3417,3114,478,-367,90,981,2143,1570.65,2025-03-28
INFY,1193,3111,604,269,3759,2369,226,-207,-8,9714,10794,1526.5,2025-04-01
INFY,-3373,-326,12,-2,1081,890,76,-135,39,603,-210,1550.15,2025-04-02
INFY,884,345,255,27,5500,4608,-16,-775,-49,891,2418,1496.5,2025-04-03
INOXWIND,986,10,,1,,349,50,,23,,39,163.05,2025-03-28
INOXWIND,247,0,,6,,87,9,,22,,80,156.75,2025-04-01
INOXWIND,30,7,,1,,23,1,,0,,37,160,2025-04-02
INOXWIND,154,0,,0,,64,38,,-1,,5,158.55,2025-04-03
IOC,1031,22,45,34,412,1213,62,218,256,333,477,127.7,2025-03-28
IOC,-470,68,-58,52,42,183,23,29,71,239,548,131.25,2025-04-01
IOC,-182,2,-46,81,134,334,31,45,-8,119,358,131.3,2025-04-02
IOC,37,29,52,9,234,160,31,140,-38,70,110,131.05,2025-04-03
IRB,59,16,20,0,635,154,87,76,19,190,11,45.16,2025-03-28
IRB,46,13,71,2,191,64,5,7,0,88,74,46.01,2025-04-01
IRB,-3,-20,12,0,35,90,7,11,0,118,11,46.85,2025-04-02
IRB,-114,30,-33,3,254,35,6,3,0,63,18,47.59,2025-04-03
IRCTC,-232,6,64,58,272,1305,38,169,85,234,40,727.45,2025-03-28
IRCTC,389,28,-3,-9,208,155,32,54,3,92,58,724.25,2025-04-01
IRCTC,414,15,15,8,439,86,-1,26,-5,23,29,727.45,2025-04-02
IRCTC,-124,-9,-55,1,112,99,40,47,-4,142,27,738.25,2025-04-03
IREDA,277,18,-13,36,437,434,14,85,18,141,366,160.6,2025-03-28
IREDA,281,27,2,12,261,112,5,24,1,42,124,160.7,2025-04-01
IREDA,-240,-16,-3,-18,-165,-39,0,11,0,55,-58,161.4,2025-04-02
IREDA,-169,31,-130,-1,-216,61,5,73,-3,107,-119,161.5,2025-04-03
IRFC,-69,18,12,50,429,378,79,207,64,312,66,124.4,2025-03-28
IRFC,-133,20,22,0,144,478,-3,109,16,195,-6,124.4,2025-04-01
IRFC,-693,-71,6,-8,-518,42,12,54,-6,202,-106,127.5,2025-04-02
IRFC,-224,36,-62,1,88,74,155,86,-2,337,-64,129.15,2025-04-03
ITC,1201,63,2,1,2090,1438,186,472,106,353,393,409.75,2025-03-28
ITC,2490,-4,127,-11,3441,427,-221,-26,32,383,110,406.65,2025-04-01
ITC,-254,-4,-21,9,2161,-258,155,-3,-7,245,-32,409.05,2025-04-02
ITC,-153,1,62,-8,344,177,-38,115,-7,-116,10,409.4,2025-04-03
JINDALSTEL,-347,76,87,1,555,353,161,132,20,384,345,912.3,2025-03-28
JINDALSTEL,186,46,22,12,449,253,9,93,10,189,107,901.5,2025-04-01
JINDALSTEL,277,55,-8,2,512,-48,17,18,1,605,109,909.55,2025-04-02
JINDALSTEL,983,104,34,0,560,196,25,26,-2,151,-33,905.2,2025-04-03
JIOFIN,-559,143,346,52,807,1713,136,481,88,345,524,227.5,2025-03-28
JIOFIN,-964,73,-153,-139,942,1223,93,275,283,300,297,230.4,2025-04-01
JIOFIN,-1751,78,179,31,1422,602,78,145,45,-75,161,229.8,2025-04-02
JIOFIN,44,254,58,15,526,1059,49,60,36,532,278,230.4,2025-04-03
JSL,166,7,22,0,190,27,-2,2,3,59,-2,581.6,2025-03-28
JSL,-14,6,2,0,53,46,19,3,2,34,27,576.55,2025-04-01
JSL,-131,3,-2,0,147,72,-3,-29,-1,-11,24,589.9,2025-04-02
JSL,-44,44,9,0,-31,112,-2,11,0,117,-18,594.6,2025-04-03
JSWENERGY,759,2,13,28,366,244,54,57,53,238,16,537.9,2025-03-28
JSWENERGY,948,27,51,0,305,668,20,3,24,563,44,522.5,2025-04-01
JSWENERGY,504,31,26,0,486,177,174,-75,7,129,227,526.15,2025-04-02
JSWENERGY,944,20,8,0,146,333,42,50,14,76,-7,527.15,2025-04-03
JSWSTEEL,357,20,69,69,467,1043,77,122,1,411,512,1063.2,2025-03-28
JSWSTEEL,2005,346,-4,-1,515,769,112,168,6,403,320,1056.25,2025-04-01
JSWSTEEL,527,11,-5,1,107,189,-44,-28,-1,4,530,1055.9,2025-04-02
JSWSTEEL,437,48,23,0,182,81,5,-23,3,168,-29,1044,2025-04-03
JUBLFOOD,129,50,17,14,246,128,41,65,9,184,111,664.35,2025-03-28
JUBLFOOD,117,68,100,14,162,313,38,-7,5,153,169,660.85,2025-04-01
JUBLFOOD,325,189,-148,7,198,255,31,69,11,286,203,682.6,2025-04-02
JUBLFOOD,90,16,-206,-1,155,113,1,22,-1,198,191,692.7,2025-04-03
KALYANKJIL,492,19,89,0,350,134,132,182,20,448,6,467.25,2025-03-28
KALYANKJIL,-193,26,28,,597,684,-203,-150,8,1315,58,458.05,2025-04-01
KALYANKJIL,4607,264,-226,63,1910,1071,518,95,50,1754,1161,511.15,2025-04-02
KALYANKJIL,-468,-105,-96,-5,843,63,53,39,53,-84,144,509.1,2025-04-03
KEI,-706,15,70,6,13,-61,10,53,13,234,-91,2892.75,2025-03-28
KEI,-99,47,33,0,388,211,9,48,10,173,48,2829.35,2025-04-01
KEI,352,17,118,1,-21,58,22,0,-4,137,142,2880.1,2025-04-02
KEI,113,55,27,5,581,610,100,60,23,124,122,2824.35,2025-04-03
KOTAKBANK,483,313,58,155,1590,2018,170,104,107,2158,1886,2171.2,2025-03-28
KOTAKBANK,-165,43,223,-169,443,474,-33,-60,1,-429,582,2145.9,2025-04-01
KOTAKBANK,-764,96,74,9,267,561,-59,-194,0,465,209,2154.6,2025-04-02
KOTAKBANK,-132,64,18,-131,532,567,-37,-30,1,314,-289,2132.6,2025-04-03
KPITTECH,72,55,33,2,262,222,24,76,30,153,291,1307.45,2025-03-28
KPITTECH,91,27,17,0,127,71,102,36,20,-5,17,1270.6,2025-04-01
KPITTECH,-64,27,37,0,48,45,2,18,0,-15,-39,1312,2025-04-02
KPITTECH,1143,263,53,0,928,645,145,32,1,462,534,1211.15,2025-04-03
LAURUSLABS,-161,4,7,9,290,137,51,90,6,7,121,613.4,2025-03-28
LAURUSLABS,226,-1,13,7,347,231,52,7,4,183,150,598.9,2025-04-01
LAURUSLABS,-354,-6,19,1,314,210,12,0,-2,69,-12,609.05,2025-04-02
LAURUSLABS,271,32,-27,2,561,258,41,39,1,162,64,620.65,2025-04-03
LICHSGFIN,318,39,41,5,25,136,6,79,31,265,127,563.85,2025-03-28
LICHSGFIN,-51,26,4,0,370,52,44,4,0,110,36,561.45,2025-04-01
LICHSGFIN,-4,57,49,5,305,96,5,22,0,164,11,565.65,2025-04-02
LICHSGFIN,87,-56,-21,9,369,52,63,33,4,260,-54,573.3,2025-04-03
LICI,-163,-27,9,2,435,703,10,229,36,116,140,799.4,2025-03-28
LICI,55,-4,9,1,-43,193,32,-19,4,63,74,797.75,2025-04-01
LICI,-396,26,-17,5,756,9,-3,15,-2,63,56,810.95,2025-04-02
LICI,-165,21,-17,0,-193,188,51,11,-2,141,46,815.3,2025-04-03
LODHA,-26,2,7,12,135,63,32,67,24,125,35,1195.8,2025-03-28
LODHA,489,1,41,,233,180,16,36,26,131,103,1157.2,2025-04-01
LODHA,497,17,60,1,-73,50,13,23,0,70,24,1218.45,2025-04-02
LODHA,521,-1,37,6,-80,-61,-2,-8,2,151,-111,1217.75,2025-04-03
LT,1347,134,197,52,1212,2194,-178,313,433,842,867,3492.25,2025-03-28
LT,1813,61,46,-10,1255,2661,170,1322,78,417,1525,3436.8,2025-04-01
LT,526,-36,51,-9,820,2887,174,299,-14,321,803,3419.95,2025-04-02
LT,385,251,-69,49,7269,1311,88,49,109,49,686,3420.1,2025-04-03
LTF,258,72,171,20,219,96,11,81,11,280,132,153.2,2025-03-28
LTF,-88,105,69,5,128,117,49,125,5,177,122,150.9,2025-04-01
LTF,-34,-40,5,2,98,-2,2,6,-2,72,28,151.9,2025-04-02
LTF,-95,-25,-132,-5,123,7,9,-16,1,133,-105,153.95,2025-04-03
LTIM,759,2,57,0,817,744,447,185,77,395,977,4491.4,2025-03-28
LTIM,11,62,34,0,253,481,4,-120,0,140,24,4426.55,2025-04-01
LTIM,-354,28,2,2,38,235,-34,-27,-1,19,28,4499.9,2025-04-02
LTIM,816,63,11,4,1832,646,114,40,-17,417,381,4341.95,2025-04-03
LUPIN,25,61,69,19,421,661,69,58,9,287,358,2027.95,2025-03-28
LUPIN,1126,19,23,0,555,727,37,145,-3,401,515,1955.4,2025-04-01
LUPIN,58,26,61,3,222,482,15,43,2,262,309,2009.7,2025-04-02
LUPIN,85,4,-364,-114,810,2113,243,547,23,290,302,2095.7,2025-04-03
M&M,1588,1212,747,19,5135,2691,585,86,114,3612,1920,2665.8,2025-03-28
M&M,3276,47,104,0,1603,2068,-234,-227,15,164,310,2637.85,2025-04-01
M&M,1646,109,44,0,1138,997,70,128,-6,359,370,2637.55,2025-04-02
M&M,896,419,103,1,2289,818,256,444,-5,1022,18,2611.45,2025-04-03
M&MFIN,810,36,85,13,349,247,108,127,37,223,237,283,2025-03-28
M&MFIN,510,55,132,14,1232,87,193,-59,5,753,361,276.35,2025-04-01
M&MFIN,1074,38,88,,867,259,20,11,37,1048,195,268.65,2025-04-02
M&MFIN,1301,99,121,1,132,8,3,-103,41,220,-79,265.2,2025-04-03
MANAPPURAM,271,31,205,10,365,493,53,45,13,660,764,232.75,2025-03-28
MANAPPURAM,499,189,5,0,295,11,32,-6,25,552,252,232.1,2025-04-01
MANAPPURAM,343,20,10,1,737,60,64,16,-2,190,54,234.3,2025-04-02
MANAPPURAM,15,1,48,6,318,30,88,49,14,759,127,234.4,2025-04-03
MARICO,110,-19,-6,0,424,241,54,45,0,244,400,651.65,2025-03-28
MARICO,289,-20,-3,0,105,267,28,48,0,106,174,647.55,2025-04-01
MARICO,-396,-6,106,0,-2,14,45,36,0,351,-147,656.45,2025-04-02
MARICO,69,-71,-23,7,241,157,21,6,0,-2,181,660.95,2025-04-03
MARUTI,2464,769,426,0,3879,5143,-153,506,80,546,2578,11522.15,2025-03-28
MARUTI,508,206,586,78,2245,3339,-71,-290,115,1100,1064,11481,2025-04-01
MARUTI,-1854,-352,-557,42,-101,1000,-142,-44,-9,781,1265,11716.1,2025-04-02
MARUTI,-324,-89,-4,30,537,986,150,32,-32,153,-406,11688.1,2025-04-03
MAXHEALTH,589,11,12,0,767,294,41,241,9,422,55,1096.95,2025-03-28
MAXHEALTH,159,10,8,0,89,465,26,-51,2,-53,92,1083.6,2025-04-01
MAXHEALTH,290,27,12,0,201,633,26,8,0,67,205,1094.75,2025-04-02
MAXHEALTH,23,69,-82,14,181,188,11,-13,,227,93,1121.3,2025-04-03
MCX,544,32,33,0,1358,1150,47,61,79,702,83,5311.7,2025-03-28
MCX,-524,-6,33,0,561,142,55,153,-1,34,63,5227.85,2025-04-01
MCX,-1870,2,43,0,-21,128,75,11,1,445,94,5372.55,2025-04-02
MCX,-829,129,7,2,317,154,-85,-3,4,226,149,5334.55,2025-04-03
MFSL,26,23,5,0,116,91,32,56,8,153,164,1147.7,2025-03-28
MFSL,111,19,7,0,-1,-3,-10,-6,0,27,64,1141.75,2025-04-01
MFSL,50,6,4,0,1,92,6,-2,0,-24,82,1144.3,2025-04-02
MFSL,75,25,14,0,112,-29,12,9,0,44,18,1147.8,2025-04-03
MGL,303,32,53,0,250,182,11,38,21,291,8,1386.9,2025-03-28
MGL,320,34,4,4,54,133,50,36,4,63,-12,1385.7,2025-04-01
MGL,-259,-4,10,1,96,-82,48,19,1,55,-8,1387.9,2025-04-02
MGL,178,0,17,0,38,97,58,27,0,11,11,1396,2025-04-03
MOTHERSON,44,95,91,38,745,348,76,276,74,160,164,130.95,2025-03-28
MOTHERSON,-261,49,62,13,144,194,21,121,38,237,127,131.1,2025-04-01
MOTHERSON,-23,-33,46,-10,335,147,43,53,-10,417,82,132.2,2025-04-02
MOTHERSON,766,39,85,0,996,148,147,145,28,214,-14,128.95,2025-04-03
MPHASIS,223,-7,13,22,106,205,71,18,7,173,217,2500.2,2025-03-28
MPHASIS,303,12,18,4,122,88,68,-16,65,13,60,2446.75,2025-04-01
MPHASIS,146,12,-18,7,28,32,10,-10,12,-1,50,2474.4,2025-04-02
MPHASIS,-272,23,33,37,312,1141,52,191,-72,131,563,2374.05,2025-04-03
MRF,104,0,0,0,94,114,0,2,0,1,75,112674.45,2025-03-28
MRF,24,2,1,0,-28,80,1,4,0,22,45,113036.1,2025-04-01
MRF,-46,22,-10,0,11,166,0,0,0,20,78,115136.6,2025-04-02
MRF,-13,2,29,1,67,113,-4,0,2,7,87,114868.9,2025-04-03
MUTHOOTFIN,820,83,94,-2,329,603,32,46,3,220,487,2382.9,2025-03-28
MUTHOOTFIN,186,4,-9,-2,294,211,83,80,2,45,121,2338.8,2025-04-01
MUTHOOTFIN,388,47,-72,-5,157,15,22,59,-3,20,97,2342.8,2025-04-02
MUTHOOTFIN,58,45,1198,-740,161,178,77,46,4,304,240,2370.3,2025-04-03
NATIONALUM,864,110,113,,1115,491,98,148,19,502,72,175.55,2025-03-28
NATIONALUM,411,56,64,,261,98,22,37,30,271,11,175.3,2025-04-01
NATIONALUM,195,48,52,,558,118,33,-15,-1,429,,174.2,2025-04-02
NATIONALUM,660,107,49,,665,46,19,11,-1,144,18,172.65,2025-04-03
NAUKRI,279,27,27,27,217,289,27,37,49,153,83,7181.35,2025-03-28
NAUKRI,1024,125,63,0,593,662,36,56,4,454,418,6804.85,2025-04-01
NAUKRI,-220,19,59,0,91,81,-4,-2,0,72,8,6928.45,2025-04-02
NAUKRI,-318,62,41,3,399,839,78,-41,44,90,294,6734.4,2025-04-03
NBCC,-174,0,17,10,179,125,0,8,18,72,29,81.89,2025-03-28
NBCC,-11,0,-18,2,15,161,7,4,0,24,41,81.61,2025-04-01
NBCC,-61,21,54,9,23,71,0,18,2,7,100,82.89,2025-04-02
NBCC,121,17,1,-2,7,9,19,-1,1,18,33,84.41,2025-04-03
NCC,16,14,33,11,73,170,50,94,12,132,101,209.5,2025-03-28
NCC,94,4,-78,10,135,-10,50,50,2,124,663,213.25,2025-04-01
NCC,233,19,-104,9,183,58,90,19,7,208,-3,214,2025-04-02
NCC,-99,-9,-140,-2,448,242,149,24,0,42,-65,214.85,2025-04-03
NESTLEIND,36,114,54,9,740,647,236,276,42,233,572,2250.75,2025-03-28
NESTLEIND,428,54,38,3,255,383,13,-137,24,99,567,2233.95,2025-04-01
NESTLEIND,-331,309,439,14,725,378,60,-83,28,884,832,2210.7,2025-04-02
NESTLEIND,-531,-20,-40,-10,675,-26,96,-2,-1,158,171,2245.9,2025-04-03
NHPC,1182,30,91,8,846,1338,79,527,70,343,144,82.2,2025-03-28
NHPC,-431,42,-12,2,160,-40,10,25,5,22,86,82.14,2025-04-01
NHPC,-434,-19,28,2,-62,-214,-3,38,-24,58,24,83.69,2025-04-02
NHPC,-161,14,-3,1,24,-41,-13,4,-4,43,-60,84.53,2025-04-03
NMDC,-163,33,28,47,254,873,79,45,91,66,399,68.89,2025-03-28
NMDC,337,36,79,-12,392,323,73,27,47,153,455,69.77,2025-04-01
NMDC,-74,45,62,-1,79,63,13,20,-37,127,134,70.21,2025-04-02
NMDC,195,59,-90,3,120,201,5,23,-9,66,137,70.43,2025-04-03
NTPC,-406,110,128,16,3805,1214,730,96,143,472,810,357.6,2025-03-28
NTPC,-3466,210,248,-27,5195,1113,245,311,29,586,-1,352.15,2025-04-01
NTPC,816,-127,45,57,463,553,-154,-20,6,-29,78,351.75,2025-04-02
NTPC,-397,-19,-15,-11,7064,735,-15,444,15,704,90,358.9,2025-04-03
NYKAA,662,51,49,3,650,163,70,29,4,489,139,179.1,2025-03-28
NYKAA,312,11,9,0,179,23,34,2,0,3,44,179.85,2025-04-01
NYKAA,5,8,-6,2,-23,103,27,13,3,-19,30,179.9,2025-04-02
NYKAA,-247,-1,0,0,58,-7,-2,11,12,-6,10,179.35,2025-04-03
OBEROIRLTY,-60,5,19,0,253,268,109,102,19,299,132,1637.35,2025-03-28
OBEROIRLTY,360,46,58,0,227,349,72,46,64,214,280,1573.95,2025-04-01
OBEROIRLTY,-27,16,60,84,58,31,-7,30,5,72,24,1621.2,2025-04-02
OBEROIRLTY,121,16,-25,0,-32,33,-42,-1,-3,-26,207,1591,2025-04-03
OFSS,344,67,45,32,457,339,92,-6,105,311,250,7850.7,2025-03-28
OFSS,122,61,27,2,221,546,54,-14,30,406,227,7585.3,2025-04-01
OFSS,280,14,18,-23,425,21,-2,7,-11,240,288,7766.85,2025-04-02
OFSS,116,134,48,11,407,703,338,30,6,382,229,7581.5,2025-04-03
OIL,-47,31,26,0,504,136,38,35,1,170,12,386.75,2025-03-28
OIL,146,0,16,,-8,20,40,45,0,-50,18,385.45,2025-04-01
OIL,-149,0,47,0,90,32,25,0,0,115,12,392.1,2025-04-02
OIL,-199,11,22,,140,-7,0,4,1,15,12,386.05,2025-04-03
ONGC,5504,-266,-314,-11,7532,6346,178,1320,690,881,346,246.4,2025-03-28
ONGC,702,229,635,-51,7668,1527,402,406,10,972,326,248.1,2025-04-01
ONGC,-1169,606,110,-8,5824,800,277,724,-6,1211,128,250.65,2025-04-02
ONGC,-1724,-81,-37,3,1483,363,47,-1109,-66,-341,458,243.3,2025-04-03
PAGEIND,322,10,26,3,340,642,3,0,4,54,120,42694.65,2025-03-28
PAGEIND,-81,6,11,0,-28,15,0,3,1,74,49,42005.65,2025-04-01
PAGEIND,-455,-12,10,5,-126,77,-8,0,3,127,46,42992.35,2025-04-02
PAGEIND,-113,-45,1,2,-41,-98,22,-1,0,75,-15,43495.7,2025-04-03
PATANJALI,91,103,46,0,652,512,88,2,0,246,813,1808.4,2025-03-28
PATANJALI,-199,-10,-13,0,2,-84,123,99,0,51,244,1801.75,2025-04-01
PATANJALI,-144,-12,-41,0,144,75,3,20,0,70,-32,1824.6,2025-04-02
PATANJALI,1093,39,-25,6,686,1039,28,147,1,244,-170,1878.75,2025-04-03
PAYTM,-1500,67,59,12,1806,527,109,276,,557,59,783.45,2025-03-28
PAYTM,-1726,520,-10,41,1009,,55,63,,752,275,801.1,2025-04-01
PAYTM,-1655,-49,180,4,21,,75,3,,177,-48,817.95,2025-04-02
PAYTM,-1198,-137,-313,1,934,,226,6,,456,30,836.45,2025-04-03
PEL,-198,6,4,0,39,169,-14,5,0,152,12,987.85,2025-03-28
PEL,-64,7,9,,150,-17,10,25,0,-38,-17,989.05,2025-04-01
PEL,-297,-6,40,0,26,30,1,-2,0,-42,39,1006.05,2025-04-02
PEL,54,62,-29,,170,13,4,9,0,-16,41,1009.35,2025-04-03
PERSISTENT,-111,-3,22,9,634,172,3,153,33,105,196,5513.65,2025-03-28
PERSISTENT,290,85,118,0,869,938,13,-148,-29,663,449,5211.35,2025-04-01
PERSISTENT,356,-24,81,3,-134,216,17,-20,4,624,133,5317.5,2025-04-02
PERSISTENT,3549,130,206,,5755,5022,459,64,-217,2309,1133,4793.2,2025-04-03
PETRONET,60,66,53,0,403,73,30,19,22,225,243,293.6,2025-03-28
PETRONET,-377,7,11,9,51,58,15,20,3,84,94,297.3,2025-04-01
PETRONET,29,19,-5,0,147,162,66,11,5,55,36,298.95,2025-04-02
PETRONET,-101,34,0,3,33,-31,-21,4,1,28,52,298.85,2025-04-03
PFC,-147,13,-161,0,591,559,122,-49,47,126,52,414.25,2025-03-28
PFC,658,28,146,7,865,-8,26,14,3,719,76,404.7,2025-04-01
PFC,-676,235,-179,0,391,264,-36,-75,1,287,144,415.85,2025-04-02
PFC,9,-128,-288,10,357,144,1,-11,-6,158,-185,421.35,2025-04-03
PHOENIXLTD,59,-9,17,,161,27,6,17,,78,0,1643.25,2025-03-28
PHOENIXLTD,-101,46,,17,,-17,0,,4,,-9,1601.1,2025-04-01
PHOENIXLTD,290,-10,,-2,,242,56,,3,,-24,1647.05,2025-04-02
PHOENIXLTD,-33,-6,,-2,,45,-9,,0,,10,1630.9,2025-04-03
PIDILITIND,-103,18,-3,25,72,216,35,24,31,210,103,2849.3,2025-03-28
PIDILITIND,25,16,6,0,122,337,60,71,3,65,22,2826.55,2025-04-01
PIDILITIND,-48,8,-3,5,-11,-25,4,-9,-1,64,19,2850.9,2025-04-02
PIDILITIND,245,4,-7,-1,19,8,3,-15,2,-26,-23,2861.5,2025-04-03
PIIND,23,16,64,1,159,66,50,76,24,159,61,3428.1,2025-03-28
PIIND,314,44,8,0,283,130,100,41,15,177,163,3450.4,2025-04-01
PIIND,105,37,80,-1,52,43,11,2,0,161,179,3501.6,2025-04-02
PIIND,-57,-11,35,2,-32,6,-54,-18,-2,-49,41,3453.35,2025-04-03
PNB,212,46,69,55,534,259,90,383,29,396,90,96.13,2025-03-28
PNB,-128,13,34,51,317,316,53,82,1,-84,236,96.24,2025-04-01
PNB,-141,-1,-28,28,157,118,12,34,3,211,172,97.34,2025-04-02
PNB,-385,-121,-369,-54,403,481,97,94,30,598,270,99,2025-04-03
PNBHOUSING,838,0,,2,,117,7,,0,,39,881.5,2025-03-28
PNBHOUSING,457,16,,0,,60,7,,33,,75,872.95,2025-04-01
PNBHOUSING,749,64,64,0,381,0,17,12,0,127,14,917.1,2025-04-02
PNBHOUSING,343,41,106,0,555,178,42,11,,296,47,937.35,2025-04-03
POLICYBZR,-336,12,16,8,181,228,-68,67,7,361,178,1589.75,2025-03-28
POLICYBZR,739,25,19,18,55,213,33,-297,11,83,139,1514.6,2025-04-01
POLICYBZR,796,22,112,12,73,13,0,2,-2,179,83,1581.75,2025-04-02
POLICYBZR,213,22,22,6,34,-47,7,15,7,52,-53,1566.3,2025-04-03
POLYCAB,643,25,-12,2,368,424,8,2,16,5,-107,5147.95,2025-03-28
POLYCAB,98,7,-6,0,423,54,29,-11,-1,40,-17,5102.45,2025-04-01
POLYCAB,771,-464,41,162,7,216,112,72,2,574,-44,5285.8,2025-04-02
POLYCAB,1014,170,-10,-171,477,268,-22,23,3,-30,24,5203.75,2025-04-03
POONAWALLA,63,35,91,27,-20,61,0,1,0,70,103,350.45,2025-03-28
POONAWALLA,318,0,21,9,151,68,16,1,1,80,41,349.4,2025-04-01
POONAWALLA,14,5,-2,0,-149,6,2,0,0,50,-27,348.25,2025-04-02
POONAWALLA,68,111,43,23,92,412,0,27,,284,152,362.5,2025-04-03
POWERGRID,-657,172,156,72,678,611,67,48,36,540,380,290.35,2025-03-28
POWERGRID,340,14,50,1,1681,528,7,125,22,106,98,289.3,2025-04-01
POWERGRID,-137,69,39,5,242,849,20,-16,11,144,144,286.75,2025-04-02
POWERGRID,-820,314,-30,-11,2360,1114,327,118,-19,1260,379,299.1,2025-04-03
PRESTIGE,112,8,54,0,184,141,88,38,1,51,193,1184.4,2025-03-28
PRESTIGE,547,15,40,,195,339,49,133,36,146,238,1137.35,2025-04-01
PRESTIGE,209,6,-17,7,81,-17,35,54,4,-6,44,1177.65,2025-04-02
PRESTIGE,296,24,30,0,133,159,-56,-16,0,7,-48,1188.55,2025-04-03
RAMCOCEM,-438,24,48,0,1324,718,200,22,5,362,352,896.8,2025-03-28
RAMCOCEM,-267,26,9,2,-319,2,-1,7,0,129,76,901.15,2025-04-01
RAMCOCEM,1,-47,-156,-1,-228,394,0,89,0,500,13,916.7,2025-04-02
RAMCOCEM,-192,15,-90,1,-65,105,95,18,0,1684,147,941.4,2025-04-03
RBLBANK,383,12,38,-1,143,250,52,185,48,180,200,173.55,2025-03-28
RBLBANK,-77,-4,-2,10,46,217,5,49,9,91,15,176.25,2025-04-01
RBLBANK,-624,56,19,5,214,353,40,-5,53,325,247,171.35,2025-04-02
RBLBANK,42,69,-40,11,215,203,70,14,14,164,11,175.4,2025-04-03
RECLTD,-137,-11,70,22,106,392,100,163,48,241,78,429.2,2025-03-28
RECLTD,-2053,23,135,11,1510,281,498,-161,20,582,187,416.9,2025-04-01
RECLTD,-5007,162,64,2,290,178,-3,-91,-1,535,111,424.55,2025-04-02
RECLTD,1917,87,15,7,1681,343,488,89,5,896,159,425.45,2025-04-03
RELIANCE,411,373,319,567,2307,7124,140,983,275,1311,5009,1275.1,2025-03-28
RELIANCE,2518,153,499,349,10869,642,279,-1101,24,697,630,1252.6,2025-04-01
RELIANCE,-3260,1134,181,114,8534,2747,262,-241,85,379,778,1251.15,2025-04-02
RELIANCE,-1241,572,130,-133,3242,2251,535,-247,255,405,571,1248.7,2025-04-03
SAIL,1215,61,144,0,628,171,55,277,19,547,255,115.15,2025-03-28
SAIL,79,-87,168,0,1037,66,103,178,-13,335,114,116.9,2025-04-01
SAIL,-753,36,-18,52,838,133,-9,63,,130,133,118.7,2025-04-02
SAIL,-339,50,-121,0,-25,-55,51,114,,308,84,118.55,2025-04-03
SBICARD,299,37,66,307,546,810,8,162,12,565,879,881.15,2025-03-28
SBICARD,-287,-17,-138,-4,-25,234,-22,-125,58,434,259,862.1,2025-04-01
SBICARD,-127,10,20,4,165,47,91,-9,61,49,209,857,2025-04-02
SBICARD,-233,65,18,-2,249,209,3,-29,6,161,127,850.3,2025-04-03
SBILIFE,285,20,46,1,622,391,131,22,12,345,253,1547.85,2025-03-28
SBILIFE,283,68,23,-2,1564,374,30,100,15,294,263,1545.25,2025-04-01
SBILIFE,-420,52,30,2,1181,234,134,61,0,205,118,1559.85,2025-04-02
SBILIFE,67,146,124,0,2582,549,20,71,0,348,-49,1542.2,2025-04-03
SBIN,-649,562,-176,23,3361,1454,479,83,33,1648,1399,771.5,2025-03-28
SBIN,175,452,-142,-64,2307,-883,-11,161,27,638,-16,771.7,2025-04-01
SBIN,-1258,147,14,-9,1573,828,68,-23,-8,-146,738,775.95,2025-04-02
SBIN,1145,-785,441,-1,2412,1566,782,510,-7,364,813,779.2,2025-04-03
SHREECEM,-328,-13,-54,3,135,325,27,154,2,213,316,30502.95,2025-03-28
SHREECEM,-32,-26,1,2,47,130,1,45,5,19,46,30245.95,2025-04-01
SHREECEM,-627,21,18,0,-16,22,-1,3,2,-2,31,30273.35,2025-04-02
SHREECEM,-37,1,4,0,67,67,-5,1,0,86,209,30901.95,2025-04-03
SHRIRAMFIN,-308,62,107,0,1037,613,207,198,2,490,395,656,2025-03-28
SHRIRAMFIN,976,84,37,0,444,2199,222,-97,5,380,26,637.45,2025-04-01
SHRIRAMFIN,225,32,53,5,468,-50,19,57,0,122,19,639.4,2025-04-02
SHRIRAMFIN,114,48,-35,6,155,-126,-8,-8,3,5,4,654.15,2025-04-03
SIEMENS,-1379,534,299,0,4038,2313,-69,124,6,1043,964,5275.35,2025-03-28
SIEMENS,-1476,80,73,0,1320,1218,83,59,5,1160,136,5229.95,2025-04-01
SIEMENS,-1122,227,178,0,4972,892,1136,-86,-8,3794,735,5282.85,2025-04-02
SIEMENS,-6170,-405,-222,0,87,3531,-785,-340,-43,-671,1405,5248.55,2025-04-03
SJVN,46,1,39,39,300,369,0,151,76,47,147,91.59,2025-03-28
SJVN,6,0,55,-1,70,43,0,0,10,37,89,91.29,2025-04-01
SJVN,18,9,122,7,32,67,-3,-13,-4,22,67,93.32,2025-04-02
SJVN,-32,-34,-13,-28,99,-38,4,-8,-4,52,6,95.77,2025-04-03
SOLARINDS,-99,12,-49,22,52,4,0,0,0,62,69,11243.95,2025-03-28
SOLARINDS,11,-5,-43,7,337,413,41,129,0,192,131,11132.35,2025-04-01
SOLARINDS,25,31,34,-1,-20,48,22,-3,0,131,191,11195.05,2025-04-02
SOLARINDS,-28,6,-16,-2,-50,9,2,2,,16,12,11293.6,2025-04-03
SONACOMS,-262,188,58,0,505,157,49,23,4,293,105,461.2,2025-03-28
SONACOMS,-287,70,24,1,100,84,16,63,0,170,18,461,2025-04-01
SONACOMS,-533,-16,25,0,116,69,12,8,0,2,55,465.65,2025-04-02
SONACOMS,186,61,75,4,418,99,-87,36,4,241,90,450.15,2025-04-03
SRF,-90,0,4,5,217,418,12,10,5,58,159,2939.15,2025-03-28
SRF,399,1,14,-2,187,194,9,89,2,62,207,2879.45,2025-04-01
SRF,450,16,52,94,273,759,70,-1,4,254,740,2981.6,2025-04-02
SRF,1117,367,347,70,365,591,-6,23,13,312,473,2900.8,2025-04-03
SUNPHARMA,888,163,148,7,1734,354,-35,91,9,566,1041,1734.7,2025-03-28
SUNPHARMA,1301,26,145,5,1664,456,75,-277,28,958,1214,1698.3,2025-04-01
SUNPHARMA,396,13,122,1,1311,262,293,-11,1,1025,881,1713.65,2025-04-02
SUNPHARMA,-1111,181,-314,6,9043,2804,621,923,32,2272,-1322,1770,2025-04-03
SUPREMEIND,-90,34,15,0,97,130,9,53,18,280,39,3426.15,2025-03-28
SUPREMEIND,106,7,23,0,370,-5,7,18,3,160,17,3331.75,2025-04-01
SUPREMEIND,577,8,20,2,60,-59,6,4,-2,85,56,3355.15,2025-04-02
SUPREMEIND,37,6,-7,0,259,48,1,-14,0,7,-41,3424.3,2025-04-03
SYNGENE,-60,20,25,4,183,218,25,26,34,230,148,726.2,2025-03-28
SYNGENE,-18,2,12,0,109,63,39,20,6,10,127,718.15,2025-04-01
SYNGENE,-92,-21,3,0,115,-4,5,-7,0,142,-22,724.2,2025-04-02
SYNGENE,186,38,-45,6,158,129,108,32,4,67,-103,747.15,2025-04-03
TATACHEM,121,7,39,43,640,559,63,119,26,344,232,864.95,2025-03-28
TATACHEM,-119,98,78,5,354,550,55,-30,14,1506,457,839.75,2025-04-01
TATACHEM,-123,1,48,1,-75,321,5,-9,-5,-127,34,851.5,2025-04-02
TATACHEM,-38,21,10,13,28,185,36,26,4,-198,30,849.85,2025-04-03
TATACOMM,371,16,11,-2,311,70,94,192,-3,76,318,1578.2,2025-03-28
TATACOMM,-386,12,37,1,235,890,45,75,2,171,32,1579.65,2025-04-01
TATACOMM,-554,9,16,3,132,-56,-22,-6,1,6,156,1595.2,2025-04-02
TATACOMM,441,-29,-39,34,155,223,134,-1,1,72,199,1631.25,2025-04-03
TATACONSUM,1077,15,-150,3,1245,1067,124,242,15,691,923,1001.9,2025-03-28
TATACONSUM,448,1,51,2,123,406,0,106,4,0,621,992.25,2025-04-01
TATACONSUM,-833,325,-135,-273,2954,2164,372,319,1,3595,1936,1062.7,2025-04-02
TATACONSUM,-502,135,-145,-30,-244,475,115,22,0,168,22,1071,2025-04-03
TATAELXSI,2583,86,176,23,739,1330,0,58,33,514,754,5214.75,2025-03-28
TATAELXSI,967,67,231,1,379,405,10,-27,13,99,763,5069.6,2025-04-01
TATAELXSI,705,60,-59,0,78,-255,0,24,-8,330,15,5230.1,2025-04-02
TATAELXSI,1569,7,17,0,2,503,-10,13,-5,245,-87,5194.7,2025-04-03
TATAMOTORS,690,-40,191,107,1416,3318,583,269,75,882,1922,674.4,2025-03-28
TATAMOTORS,-793,-98,-32,8,1654,1850,269,105,-31,1296,2017,671.85,2025-04-01
TATAMOTORS,-934,53,-178,1,3898,1109,137,-113,-51,3606,2238,671.9,2025-04-02
TATAMOTORS,4463,1098,200,15,11695,6350,-164,-778,-7,1393,1381,653.95,2025-04-03
TATAPOWER,362,40,95,2,1389,1276,252,413,34,43,433,375.4,2025-03-28
TATAPOWER,-3581,17,17,0,34,724,51,-28,2,265,167,374.75,2025-04-01
TATAPOWER,-2981,225,37,-3,517,142,-26,-1,-13,233,164,378.25,2025-04-02
TATAPOWER,-248,158,-369,0,386,200,35,-29,10,355,272,385.65,2025-04-03
TATASTEEL,-2,75,219,118,591,1632,-12,98,81,401,687,154.25,2025-03-28
TATASTEEL,1337,92,18,-15,1080,5707,52,-13,36,344,732,153.1,2025-04-01
TATASTEEL,-587,-26,27,1,1031,466,117,236,21,309,705,154.7,2025-04-02
TATASTEEL,-37,32,50,-47,832,685,1,244,-24,-124,79,153.6,2025-04-03
TATATECH,696,26,24,30,254,184,26,46,18,159,164,679.65,2025-03-28
TATATECH,901,13,41,-4,99,7,12,34,2,82,103,687.05,2025-04-01
TATATECH,55,6,48,-1,13,-47,8,-15,4,83,-4,687.9,2025-04-02
TATATECH,446,19,45,5,91,60,1,-4,5,32,39,680.05,2025-04-03
TCS,-449,263,126,-9,1318,3782,355,590,274,812,2831,3606.1,2025-03-28
TCS,-8925,347,624,128,1599,1164,315,-87,118,1095,2943,3550.8,2025-04-01
TCS,-1682,139,338,32,1330,2281,6,204,174,360,1269,3543.95,2025-04-02
TCS,1007,1223,235,395,3197,10471,474,1102,-1035,1226,5196,3403.15,2025-04-03
TECHM,-371,55,22,1,538,1154,247,59,20,263,408,1418.25,2025-03-28
TECHM,604,41,55,2,160,364,0,-117,-11,256,385,1395.15,2025-04-01
TECHM,-813,-53,-36,6,126,402,49,37,-2,68,288,1423.05,2025-04-02
TECHM,300,157,61,0,1165,846,193,-18,2,516,358,1369.35,2025-04-03
TIINDIA,-37,-6,-19,0,296,135,20,3,0,43,14,2769.4,2025-03-28
TIINDIA,-221,0,4,,114,-42,-8,8,5,292,3,2694,2025-04-01
TIINDIA,-123,21,3,0,6,2,1,-1,0,-35,2,2732.55,2025-04-02
TIINDIA,-35,0,-2,0,-7,-2,-13,-7,3,-97,-15,2699.65,2025-04-03
TITAGARH,242,10,6,0,951,596,92,195,0,149,67,796.25,2025-03-28
TITAGARH,-82,7,5,,283,89,-10,52,0,0,54,798.5,2025-04-01
TITAGARH,-138,38,15,0,-65,52,-8,6,,67,58,809.95,2025-04-02
TITAGARH,315,-122,-76,0,95,55,10,6,,243,-38,825.75,2025-04-03
TITAN,19,132,288,38,1835,2460,199,448,364,613,1189,3063.35,2025-03-28
TITAN,-462,107,215,15,1459,2377,180,196,-52,367,2118,2986.9,2025-04-01
TITAN,-1234,75,-309,62,-854,576,-13,11,-40,512,552,3098.45,2025-04-02
TITAN,-1192,69,-1412,-125,440,817,192,192,-62,476,-316,3127.5,2025-04-03
TORNTPHARM,175,17,4,0,155,56,26,7,0,52,2,3227.95,2025-03-28
TORNTPHARM,-58,9,15,0,45,55,15,-7,5,97,41,3183.9,2025-04-01
TORNTPHARM,-22,27,7,0,32,58,-4,-5,0,50,32,3207.1,2025-04-02
TORNTPHARM,-56,-1,0,1,210,122,29,22,0,13,-47,3247.9,2025-04-03
TORNTPOWER,244,6,18,0,196,179,53,0,0,71,33,1486.85,2025-03-28
TORNTPOWER,43,15,0,0,9,4,2,2,0,56,57,1500.25,2025-04-01
TORNTPOWER,183,2,9,0,13,8,3,0,0,67,-21,1509.7,2025-04-02
TORNTPOWER,266,24,-34,0,562,55,4,4,0,105,17,1552,2025-04-03
TRENT,624,-83,-26,0,784,730,352,435,117,394,70,5325,2025-03-28
TRENT,207,-294,-1294,36,588,1990,513,228,122,1594,796,5576.75,2025-04-01
TRENT,-2673,246,-543,0,1249,794,373,223,1,1069,614,5682.45,2025-04-02
TRENT,-683,-35,-126,-2,787,-22,78,319,0,197,-53,5675.4,2025-04-03
TVSMOTOR,-240,24,10,0,286,317,24,181,11,169,190,2419.85,2025-03-28
TVSMOTOR,197,25,-24,3,72,321,-32,25,8,20,11,2440.85,2025-04-01
TVSMOTOR,145,3,-105,4,245,569,111,79,3,384,528,2496.05,2025-04-02
TVSMOTOR,-122,38,15,4,81,-45,13,9,0,77,-1,2476.05,2025-04-03
ULTRACEMCO,753,3,-28,29,659,3583,59,115,39,181,326,11509.5,2025-03-28
ULTRACEMCO,293,0,79,2,384,620,73,-2,7,37,679,11378.6,2025-04-01
ULTRACEMCO,610,214,48,0,619,951,59,-74,-10,152,220,11251,2025-04-02
ULTRACEMCO,-888,260,-312,32,440,747,44,159,-4,990,1429,11606.6,2025-04-03
UNIONBANK,387,17,-82,13,130,432,24,92,15,14,145,126.2,2025-03-28
UNIONBANK,10,18,37,24,45,80,-1,8,-9,42,59,124.8,2025-04-01
UNIONBANK,73,16,70,25,42,11,23,87,4,80,0,127.3,2025-04-02
UNIONBANK,1075,41,124,-136,1098,580,21,129,,556,88,131.3,2025-04-03
UNITDSPR,-103,48,22,1,201,101,12,37,1,156,104,1401.3,2025-03-28
UNITDSPR,-24,-49,54,1,208,337,7,12,1,143,15,1406.1,2025-04-01
UNITDSPR,-370,9,-70,-3,139,148,40,24,4,60,116,1434.45,2025-04-02
UNITDSPR,-121,31,-2,0,-26,-12,-3,0,0,-37,-28,1430.15,2025-04-03
UPL,859,171,138,120,1113,989,54,276,17,786,536,636.25,2025-03-28
UPL,-56,2,39,7,118,280,-19,7,3,-69,-3,634.75,2025-04-01
UPL,-357,-54,-54,-1,-102,205,176,3,0,603,215,654.45,2025-04-02
UPL,-65,104,146,4,376,-71,20,5,0,190,112,651.25,2025-04-03
VBL,114,-19,19,2,318,249,14,59,20,213,612,539.65,2025-03-28
VBL,-677,33,-72,35,323,947,64,-4,20,101,30,538.75,2025-04-01
VBL,227,7,44,0,-19,346,13,20,2,110,47,546.9,2025-04-02
VBL,-1260,63,32,8,344,27,109,11,-1,307,19,544.5,2025-04-03
VEDL,-1184,53,116,9,983,307,121,86,11,383,81,463.4,2025-03-28
VEDL,-3180,251,90,,701,-55,38,-17,-4,498,90,457.4,2025-04-01
VEDL,-707,32,19,,843,-2,160,-64,4,275,55,457.65,2025-04-02
VEDL,-1171,90,131,,4495,489,608,124,11,938,75,439.5,2025-04-03
VOLTAS,3130,318,240,58,1371,1041,83,51,55,425,897,1458.7,2025-03-28
VOLTAS,4941,222,351,271,6344,5622,650,66,69,2045,2426,1352.05,2025-04-01
VOLTAS,-2149,454,239,90,41,1267,73,,-24,,1756,1344.8,2025-04-02
VOLTAS,-66,-23,0,25,274,1094,80,-81,16,713,74,1352,2025-04-03
WIPRO,1170,123,83,17,1521,2370,63,438,66,440,626,262.25,2025-03-28
WIPRO,451,31,164,40,252,618,-30,2,5,328,1038,262.6,2025-04-01
WIPRO,-327,-11,,23,,-128,-14,,-45,,129,263.6,2025-04-02
WIPRO,992,257,88,50,982,1147,114,-311,-20,394,480,256.35,2025-04-03
YESBANK,540,82,,4,,785,87,,63,,256,16.88,2025-03-28
YESBANK,-557,46,,-24,,-132,42,,23,,68,17.33,2025-04-01
YESBANK,-144,13,,47,,-39,15,,2,,74,17.4,2025-04-02
YESBANK,126,-13,,88,,582,177,,28,,106,17.95,2025-04-03
ZOMATO,2979,539,457,96,3499,2846,152,346,46,2701,626,201.7,2025-03-28
ZOMATO,1695,321,46,8,1395,476,195,510,11,1667,714,202,2025-04-01
ZOMATO,-2148,-1397,,-1764,,2105,-13,,30,,580,212.05,2025-04-02
ZOMATO,349,-119,-327,29,-593,257,-31,-84,-1,-289,-47,210.9,2025-04-03
ZYDUSLIFE,88,6,25,3,259,367,91,87,9,298,213,886.4,2025-03-28
ZYDUSLIFE,161,68,24,0,512,344,50,60,8,290,399,877.5,2025-04-01
ZYDUSLIFE,-70,-60,,90,,136,5,,2,,346,891.15,2025-04-02
ZYDUSLIFE,194,-177,-6,3,797,1088,95,402,46,15,-187,901.9,2025-04-03